﻿<?xml version="1.0" encoding="utf-8"?>
<Manifest>
  <Resources>
    <Script>WelcomeWizard.js</Script>
    <StyleSheet>WelcomeWizard.css</StyleSheet>
    <Image>01_welcome.png</Image>
    <Image>02_introduction.png</Image>
    <Image>03_outlook.png</Image>
    <Image>04_extensions.png</Image>
    <Image>05_rolecenter.png</Image>
    <Image>GoChecked.png</Image>
  </Resources>
  <ScriptUrls>
    <ScriptUrl>https://ajax.aspnetcdn.com/ajax/jQuery/jquery-3.5.1.min.js</ScriptUrl>
    <ScriptUrl>https://static2.sharepointonline.com/files/fabric/office-ui-fabric-js/1.4.0/js/fabric.min.js</ScriptUrl>
  </ScriptUrls>
  <Script>
    <![CDATA[
      Microsoft.Dynamics.NAV.InvokeExtensibilityMethod('ControlAddInReady');
    ]]>
  </Script>

  <RecreateScript>
    <![CDATA[ 
Microsoft.Dynamics.NAV.InvokeExtensibilityMethod('Refresh');
    ]]>
  </RecreateScript>

  <RefreshScript>
    <![CDATA[
Microsoft.Dynamics.NAV.InvokeExtensibilityMethod('Refresh');
    ]]>
  </RefreshScript>

  <RequestedHeight>379</RequestedHeight>
  <RequestedWidth>550</RequestedWidth>
  <VerticalStretch>true</VerticalStretch>
  <HorizontalStretch>true</HorizontalStretch>
  <VerticalShrink>true</VerticalShrink>
  <HorizontalShrink>true</HorizontalShrink>

</Manifest>