<?xml version="1.0" encoding="utf-8"?>
<Manifest>
  <Resources>
    <StyleSheet>RoleCenterSelectorAddin.css</StyleSheet>
    <Script>RoleCenterSelectorAddin.js</Script>
  </Resources>
  <!--ScriptUrls>
    <ScriptUrl>https://ajax.aspnetcdn.com/ajax/jQuery/jquery-3.5.1.min.js</ScriptUrl>
    <ScriptUrl>https://static2.sharepointonline.com/files/fabric/office-ui-fabric-js/1.4.0/js/fabric.min.js</ScriptUrl>
  </ScriptUrls>
  <StyleSheetUrls>
    <StyleSheetUrl>https://static2.sharepointonline.com/files/fabric/office-ui-fabric-js/1.4.0/css/fabric.min.css</StyleSheetUrl>
    <StyleSheetUrl>https://static2.sharepointonline.com/files/fabric/office-ui-fabric-js/1.4.0/css/fabric.components.min.css</StyleSheetUrl>
  </StyleSheetUrls-->
  <ScriptUrls>
    <ScriptUrl>js/jquery-3.5.1.min.js</ScriptUrl>
    <ScriptUrl>js/fabric-1.4.0.min.js</ScriptUrl>
  </ScriptUrls>
  <StyleSheetUrls>
    <StyleSheetUrl>Resources/fabric.min.css</StyleSheetUrl>
    <StyleSheetUrl>Resources/fabric.components.min.css</StyleSheetUrl>
  </StyleSheetUrls>
  <Script>
    <![CDATA[
       Microsoft.Dynamics.NAV.InvokeExtensibilityMethod('ControlAddInReady', null);
    ]]>
  </Script>
  <RecreateScript>
      <![CDATA[
DrawPage();
DrawFeatureContent();
      ]]>
  </RecreateScript>
  <RefreshScript>
      <![CDATA[
DrawPage();
DrawFeatureContent();
      ]]>
  </RefreshScript>
  <RequestedHeight>750</RequestedHeight>
  <RequestedWidth>560</RequestedWidth>
  <VerticalStretch>true</VerticalStretch>
  <HorizontalStretch>true</HorizontalStretch>
</Manifest>