﻿<?xml version="1.0" encoding="utf-8"?>
<ImportExportXml version="7.1.0000.1086" SolutionPackageVersion="10.0" languagecode="1033" xmlns:xsi="http://www.w3.org/2001/XMLSchema-instance">
  <SolutionManifest>
    <UniqueName>MicrosoftDynamicsNavIntegration</UniqueName>
    <LocalizedNames>
      <LocalizedName description="Microsoft Dynamics 365 Business Central Integration" languagecode="1033" />
      <LocalizedName description="تكامل Microsoft Dynamics 365 Business Central" languagecode="1025" />
      <LocalizedName description="Интеграция на Microsoft Dynamics 365 Business Central" languagecode="1026" />
      <LocalizedName description="Microsoft Dynamics 365 Business Central Integration" languagecode="1027" />
      <LocalizedName description="Microsoft Dynamics 365 Business Central 整合" languagecode="1028" />
      <LocalizedName description="Integrace s Microsoft Dynamics 365 Business Central" languagecode="1029" />
      <LocalizedName description="Microsoft Dynamics 365 Business Central-integration" languagecode="1030" />
      <LocalizedName description="Microsoft Dynamics 365 Business Central-Integration" languagecode="1031" />
      <LocalizedName description="Microsoft Dynamics 365 Business Central Ενοποίηση" languagecode="1032" />
      <LocalizedName description="Microsoft Dynamics 365 Business Central -integrointi" languagecode="1035" />
      <LocalizedName description="Intégration Microsoft Dynamics 365 Business Central" languagecode="1036" />
      <LocalizedName description="שילוב Microsoft Dynamics 365 Business Central" languagecode="1037" />
      <LocalizedName description="Microsoft Dynamics 365 Business Central integráció" languagecode="1038" />
      <LocalizedName description="Integrazione Microsoft Dynamics 365 Business Central" languagecode="1040" />
      <LocalizedName description="Microsoft Dynamics 365 Business Central 統合" languagecode="1041" />
      <LocalizedName description="Microsoft Dynamics 365 Business Central 통합" languagecode="1042" />
      <LocalizedName description="Integratie Microsoft Dynamics 365 Business Central" languagecode="1043" />
      <LocalizedName description="Microsoft Dynamics 365 Business Central-integrering" languagecode="1044" />
      <LocalizedName description="Integracja systemu Microsoft Dynamics 365 Business Central" languagecode="1045" />
      <LocalizedName description="Integração do Microsoft Dynamics 365 Business Central" languagecode="1046" />
      <LocalizedName description="Integrare Microsoft Dynamics 365 Business Central" languagecode="1048" />
      <LocalizedName description="Интеграция Microsoft Dynamics 365 Business Central" languagecode="1049" />
      <LocalizedName description="Microsoft Dynamics 365 Business Central integracija" languagecode="1050" />
      <LocalizedName description="Integrácia systému Microsoft Dynamics 365 Business Central" languagecode="1051" />
      <LocalizedName description="Microsoft Dynamics 365 Business Central-integrering" languagecode="1053" />
      <LocalizedName description="การรวม Microsoft Dynamics 365 Business Central" languagecode="1054" />
      <LocalizedName description="Microsoft Dynamics 365 Business Central Tümleştirmesi" languagecode="1055" />
      <LocalizedName description="Microsoft Dynamics 365 Business Central Integrasi" languagecode="1057" />
      <LocalizedName description="Інтеграція Microsoft Dynamics 365 Business Central" languagecode="1058" />
      <LocalizedName description="Integracija Microsoft Dynamics 365 Business Central" languagecode="1060" />
      <LocalizedName description="Microsoft Dynamics 365 Business Central-i integratsioon" languagecode="1061" />
      <LocalizedName description="Microsoft Dynamics 365 Business Central Integrācija" languagecode="1062" />
      <LocalizedName description="„Microsoft Dynamics 365 Business Central“ integravimas" languagecode="1063" />
      <LocalizedName description="Tích hợp Microsoft Dynamics 365 Business Central" languagecode="1066" />
      <LocalizedName description="Microsoft Dynamics 365 Business Central integrazioa" languagecode="1069" />
      <LocalizedName description="Microsoft Dynamics 365 Business Central एकीकरण" languagecode="1081" />
      <LocalizedName description="Microsoft Dynamics 365 Business Central Integrasi" languagecode="1086" />
      <LocalizedName description="Microsoft Dynamics 365 Business Central біріктіру" languagecode="1087" />
      <LocalizedName description="Integración de Microsoft Dynamics 365 Business Central" languagecode="1110" />
      <LocalizedName description="Microsoft Dynamics 365 Business Central 集成" languagecode="2052" />
      <LocalizedName description="Integração do Microsoft Dynamics 365 Business Central" languagecode="2070" />
      <LocalizedName description="Microsoft Dynamics 365 Business Central Integracija" languagecode="2074" />
      <LocalizedName description="Microsoft Dynamics 365 Business Central 整合" languagecode="3076" />
      <LocalizedName description="Integración de Microsoft Dynamics 365 Business Central" languagecode="3082" />
      <LocalizedName description="Microsoft Dynamics 365 Business Central Интеграција" languagecode="3098" />
    </LocalizedNames>
    <Descriptions>
      <Description description="This solution enables Microsoft Dynamics 365 users to navigate to Microsoft Dynamics 365 Business Central on mapped records, and to see certain information from Microsoft Dynamics 365 Business Central inside Microsoft Dynamics 365." languagecode="1033" />
      <Description description="يعمل هذا الحل على تمكين مستخدمي Microsoft Dynamics 365 من التنقل إلى Microsoft Dynamics 365 Business Central في السجلات المعيَّنة والاطلاع على معلومات معينة من Microsoft Dynamics 365 Business Central داخل Microsoft Dynamics 365." languagecode="1025" />
      <Description description="Това решение позволява на потребителите на Microsoft Dynamics 365 да навигират до Microsoft Dynamics 365 Business Central в нанесени записи и да виждат определена информация от Microsoft Dynamics 365 Business Central в Microsoft Dynamics 365." languagecode="1026" />
      <Description description="Aquesta solució permet que els usuaris del Microsoft Dynamics 365 puguin navegar al Microsoft Dynamics 365 Business Central en registres assignats i veure certa informació del Microsoft Dynamics 365 Business Central dins del Microsoft Dynamics 365." languagecode="1027" />
      <Description description="此解決方案可讓 Microsoft Dynamics 365 使用者在對應記錄上瀏覽至 Microsoft Dynamics 365 Business Central，並在 Microsoft Dynamics 365 內部看到來自 Microsoft Dynamics 365 Business Central 的特定資訊。" languagecode="1028" />
      <Description description="Toto řešení umožňuje uživatelům aplikace Microsoft Dynamics 365 přejít v případě namapovaných záznamů do Microsoft Dynamics 365 Business Central a zobrazit si určité informace z Microsoft Dynamics 365 Business Central v rámci Microsoft Dynamics 365." languagecode="1029" />
      <Description description="Denne løsning giver Microsoft Dynamics 365-brugere mulighed for at gå til Microsoft Dynamics 365 Business Central fra tilknyttede poster og få vist visse oplysninger fra Microsoft Dynamics 365 Business Central i Microsoft Dynamics 365." languagecode="1030" />
      <Description description="Mit dieser Lösung können Microsoft Dynamics 365-Benutzer in zugeordneten Datensätzen zu Microsoft Dynamics 365 Business Central navigieren und bestimmte Informationen aus Microsoft Dynamics 365 Business Central in Microsoft Dynamics 365 anzeigen." languagecode="1031" />
      <Description description="Αυτή η λύση δίνει τη δυνατότητα στους χρήστες του Microsoft Dynamics 365 να περιηγηθούν στο Microsoft Dynamics 365 Business Central σε καρτέλες που έχουν αντιστοιχηθεί και να δουν συγκεκριμένες πληροφορίες από το Microsoft Dynamics 365 Business Central εντός του Microsoft Dynamics 365." languagecode="1032" />
      <Description description="Tämän ratkaisun ansiosta Microsoft Dynamics 365:n käyttäjät voivat siirtyä Microsoft Dynamics 365 Business Central -ohjelmaan yhdistetyissä tietueissa ja tarkastella tiettyjä Microsoft Dynamics 365 Business Central -tietoja Microsoft Dynamics 365:ssä." languagecode="1035" />
      <Description description="Cette solution permet aux utilisateurs de Microsoft Dynamics 365 de naviguer vers Microsoft Dynamics 365 Business Central sur des enregistrements mappés et de voir certaines informations de Microsoft Dynamics 365 Business Central à l'intérieur de Microsoft Dynamics 365." languagecode="1036" />
      <Description description="פתרון זה מאפשר למשתמשי Microsoft Dynamics 365 לנווט אל Microsoft Dynamics 365 Business Central ברשומות ממופות, ולראות מידע מסוים מ- Microsoft Dynamics 365 Business Central בתוך Microsoft Dynamics 365." languagecode="1037" />
      <Description description="A megoldással a Microsoft Dynamics 365 falhasználói leképezett rekordokon navigálhatnak a Microsoft Dynamics 365 Business Central rendszerbe, és a Microsoft Dynamics 365 Business Central egyes információit közvetlenül a Microsoft Dynamics 365 rendszerben tekinthetnek meg." languagecode="1038" />
      <Description description="Questa soluzione consente agli utenti di Microsoft Dynamics 365 di accedere a Microsoft Dynamics 365 Business Central sui record mappati e vedere alcune informazioni da Microsoft Dynamics 365 Business Central all'interno di Microsoft Dynamics 365." languagecode="1040" />
      <Description description="このソリューションによって、Microsoft Dynamics 365 ユーザーはマッピングされたレコードに基づいて Microsoft Dynamics 365 Business Central に移動し、Microsoft Dynamics 365 Business Central にある特定の情報を Microsoft Dynamics 365 の内部から表示できます。" languagecode="1041" />
      <Description description="이 솔루션은 Microsoft Dynamics 365 사용자를 사용하여 매핑된 레코드에서 Microsoft Dynamics 365 Business Central로 이동하고 Microsoft Dynamics 365 내 Microsoft Dynamics 365 Business Central에서 특정 정보를 볼 수 있습니다." languagecode="1042" />
      <Description description="Met deze oplossing kunnen Microsoft Dynamics 365-gebruikers navigeren naar Microsoft Dynamics 365 Business Central in toegewezen records en bepaalde informatie van Microsoft Dynamics 365 Business Central in Microsoft Dynamics 365 bekijken." languagecode="1043" />
      <Description description="Denne løsningen gjør at Microsoft Dynamics 365-brukere kan navigere til Microsoft Dynamics 365 Business Central i tilordnede oppføringer og se bestemt informasjon fra Microsoft Dynamics 365 Business Central innad i Microsoft Dynamics 365." languagecode="1044" />
      <Description description="To rozwiązanie umożliwia użytkownikom systemu Microsoft Dynamics 365 przechodzenie do systemu Microsoft Dynamics 365 Business Central za pomocą zamapowanych rekordów, a także wyświetlanie pewnych informacji z systemu Microsoft Dynamics 365 Business Central w systemie Microsoft Dynamics 365." languagecode="1045" />
      <Description description="Essa solução permite que os usuários do Microsoft Dynamics 365 naveguem para Microsoft Dynamics 365 Business Central em registros mapeados e que possam ver certas informações do Microsoft Dynamics 365 Business Central a partir do Microsoft Dynamics 365." languagecode="1046" />
      <Description description="Această soluție le permite utilizatorilor Microsoft Dynamics 365 să navigheze la Microsoft Dynamics 365 Business Central de pe înregistrările mapate și să vadă anumite informații de la Microsoft Dynamics 365 Business Central în Microsoft Dynamics 365." languagecode="1048" />
      <Description description="Это решение помогает пользователям Microsoft Dynamics 365 переходить к Microsoft Dynamics 365 Business Central через сопоставленные записи и просматривать сведения из Microsoft Dynamics 365 Business Central в Microsoft Dynamics 365." languagecode="1049" />
      <Description description="Ovo rješenje omogućuje korisnike sustava Microsoft Dynamics 365 da dođu do sustava Microsoft Dynamics 365 Business Central na mapiranim zapisima i vide određene informacije iz sustava Microsoft Dynamics 365 Business Central u sustavu Microsoft Dynamics 365." languagecode="1050" />
      <Description description="Toto riešenie umožňuje používateľom systému Microsoft Dynamics 365 prejsť do systému Microsoft Dynamics 365 Business Central v mapovaných záznamoch a zobraziť určité informácie zo systému Microsoft Dynamics 365 Business Central v rámci systému Microsoft Dynamics 365." languagecode="1051" />
      <Description description="Den här lösningen gör det möjligt för Microsoft Dynamics 365-användare att navigera till Microsoft Dynamics 365 Business Central på mappade poster och visa viss information från Microsoft Dynamics 365 Business Central inne i Microsoft Dynamics 365." languagecode="1053" />
      <Description description="โซลูชันนี้ให้ผู้ใช้ Microsoft Dynamics 365 สามารถนำทางไปยัง Microsoft Dynamics 365 Business Central บนเรกคอร์ดที่แม็ป และดูข้อมูลบางอย่างจาก Microsoft Dynamics 365 Business Central ภายใน Microsoft Dynamics 365" languagecode="1054" />
      <Description description="Bu çözüm Microsoft Dynamics 365 kullanıcılarının eşlenen kayıtlarda Microsoft Dynamics 365 Business Central uygulamasına gitmelerine ve Microsoft Dynamics 365 Business Central uygulamasındaki belirli bilgileri Microsoft Dynamics 365 içinden görmesine olanak tanır." languagecode="1055" />
      <Description description="Solusi ini memungkinkan pengguna Microsoft Dynamics 365 menavigasi ke Microsoft Dynamics 365 Business Central pada catatan yang dipetakan, dan melihat informasi tertentu dari Microsoft Dynamics 365 Business Central dalam Microsoft Dynamics 365." languagecode="1057" />
      <Description description="Це рішення дає користувачам Microsoft Dynamics 365 змогу переходити до Microsoft Dynamics 365 Business Central за зіставленими записами та переглядати інформацію з Microsoft Dynamics 365 Business Central в Microsoft Dynamics 365." languagecode="1058" />
      <Description description="Ta rešitev uporabnikom Microsoft Dynamics 365 omogoča pomik do rešitve Microsoft Dynamics 365 Business Central na preslikanih zapisih in ogled določenih informacij rešitve Microsoft Dynamics 365 Business Central znotraj programa Microsoft Dynamics 365." languagecode="1060" />
      <Description description="See lahendus võimaldab Microsoft Dynamics 365-i kasutajatel vastendatud kirjetes navigeerida Microsoft Dynamics 365 Business Central-i juurde ja näha Microsoft Dynamics 365-is Microsoft Dynamics 365 Business Central-i teatud teavet." languagecode="1061" />
      <Description description="Šis risinājums ļauj Microsoft Dynamics 365 lietotājiem pāriet uz Microsoft Dynamics 365 Business Central kartētajos ierakstos un skatīt atsevišķu informāciju no Microsoft Dynamics 365 Business Central iekš Microsoft Dynamics 365." languagecode="1062" />
      <Description description="Šis sprendimas suteikia „Microsoft Dynamics 365“ vartotojams galimybę susietuose įrašuose pereiti į „Microsoft Dynamics 365 Business Central“ ir peržiūrėti tam tikrą „Microsoft Dynamics 365 Business Central“ informaciją programoje „Microsoft Dynamics 365“." languagecode="1063" />
      <Description description="Giải pháp này cho phép người dùng Microsoft Dynamics 365 có thể điều hướng tới Microsoft Dynamics 365 Business Central trên các bản ghi đã được ánh xạ và xem một số thông tin từ Microsoft Dynamics 365 Business Central bên trong Microsoft Dynamics 365." languagecode="1066" />
      <Description description="Soluzio honek aukera ematen die Microsoft Dynamics 365 erabiltzaileei Microsoft Dynamics 365 Business Central soluziora joateko esleitutako erregistroetan eta Microsoft Dynamics 365 Business Central soluzioaren zenbait datu ikusten Microsoft Dynamics 365ren barruan." languagecode="1069" />
      <Description description="यह समाधान Microsoft Dynamics 365 उपयोगकर्ताओं को मानचित्रित रिकॉर्ड पर Microsoft Dynamics 365 Business Central में नेविगेट करने और Microsoft Dynamics 365 Business Central अंदर Microsoft Dynamics 365 की कुछ जानकारी देखने में सक्षम करता है." languagecode="1081" />
      <Description description="Penyelesaian ini membolehkan pengguna Microsoft Dynamics 365 menavigasi ke Microsoft Dynamics 365 Business Central pada rekod yang dipeta dan untuk melihat sesetengah maklumat daripada Microsoft Dynamics 365 Business Central dalam Microsoft Dynamics 365." languagecode="1086" />
      <Description description="Бұл шешім Microsoft Dynamics 365 пайдаланушыларына салыстырылған жазбаларда Microsoft Dynamics 365 Business Central жүйесіне өтуге және Microsoft Dynamics 365 ішінде Microsoft Dynamics 365 Business Central жүйесінен белгілі бір ақпаратты көруге мүмкіндік береді." languagecode="1087" />
      <Description description="Esta solución permite aos usuarios de Microsoft Dynamics 365 navegar até Microsoft Dynamics 365 Business Central en rexistros asignados, así como ver determinada información de Microsoft Dynamics 365 Business Central en Microsoft Dynamics 365." languagecode="1110" />
      <Description description="通过该解决方案，Microsoft Dynamics 365 用户可在映射的记录上导航至 Microsoft Dynamics 365 Business Central，并在 Microsoft Dynamics 365 内查看来自 Microsoft Dynamics 365 Business Central 的某些信息。" languagecode="2052" />
      <Description description="Esta solução permite que os utilizadores do Microsoft Dynamics 365 naveguem para o Microsoft Dynamics 365 Business Central nos registos mapeados e que vejam determinadas informações do Microsoft Dynamics 365 Business Central no Microsoft Dynamics 365." languagecode="2070" />
      <Description description="Ovo rešenje omogućava Microsoft Dynamics 365 korisnicima da odu do sistema Microsoft Dynamics 365 Business Central u okviru mapiranih zapisa i pregledaju određene informacije iz sistema Microsoft Dynamics 365 Business Central u okviru Microsoft Dynamics 365." languagecode="2074" />
      <Description description="此解決方案可讓 Microsoft Dynamics 365 使用者在對應記錄上瀏覽至 Microsoft Dynamics 365 Business Central，並在 Microsoft Dynamics 365 內部看到來自 Microsoft Dynamics 365 Business Central 的特定資訊。" languagecode="3076" />
      <Description description="Esta solución permite a los usuarios de Microsoft Dynamics 365 navegar a Microsoft Dynamics 365 Business Central en los registros asignados y ver cierta información de Microsoft Dynamics 365 Business Central dentro de Microsoft Dynamics 365." languagecode="3082" />
      <Description description="Ово решење омогућава Microsoft Dynamics 365 корисницима да оду до система Microsoft Dynamics 365 Business Central у оквиру мапираних записа и прегледају одређене информације из система Microsoft Dynamics 365 Business Central у оквиру Microsoft Dynamics 365." languagecode="3098" />
    </Descriptions>
    <Version>20.0.39668.39849</Version>
    <Managed>1</Managed>
    <Publisher>
      <UniqueName>MicrosoftDynamicsNav</UniqueName>
      <LocalizedNames>
        <LocalizedName description="Microsoft Dynamics 365 Business Central" languagecode="1033" />
        <LocalizedName description="Microsoft Dynamics 365 Business Central" languagecode="1025" />
        <LocalizedName description="Microsoft Dynamics 365 Business Central" languagecode="1026" />
        <LocalizedName description="Microsoft Dynamics 365 Business Central" languagecode="1027" />
        <LocalizedName description="Microsoft Dynamics 365 Business Central" languagecode="1028" />
        <LocalizedName description="Microsoft Dynamics 365 Business Central" languagecode="1029" />
        <LocalizedName description="Microsoft Dynamics 365 Business Central" languagecode="1030" />
        <LocalizedName description="Microsoft Dynamics 365 Business Central" languagecode="1031" />
        <LocalizedName description="Microsoft Dynamics 365 Business Central" languagecode="1032" />
        <LocalizedName description="Microsoft Dynamics 365 Business Central" languagecode="1035" />
        <LocalizedName description="Microsoft Dynamics 365 Business Central" languagecode="1036" />
        <LocalizedName description="Microsoft Dynamics 365 Business Central" languagecode="1037" />
        <LocalizedName description="Microsoft Dynamics 365 Business Central" languagecode="1038" />
        <LocalizedName description="Microsoft Dynamics 365 Business Central" languagecode="1040" />
        <LocalizedName description="Microsoft Dynamics 365 Business Central" languagecode="1041" />
        <LocalizedName description="Microsoft Dynamics 365 Business Central" languagecode="1042" />
        <LocalizedName description="Microsoft Dynamics 365 Business Central" languagecode="1043" />
        <LocalizedName description="Microsoft Dynamics 365 Business Central" languagecode="1044" />
        <LocalizedName description="Microsoft Dynamics 365 Business Central" languagecode="1045" />
        <LocalizedName description="Microsoft Dynamics 365 Business Central" languagecode="1046" />
        <LocalizedName description="Microsoft Dynamics 365 Business Central" languagecode="1048" />
        <LocalizedName description="Microsoft Dynamics 365 Business Central" languagecode="1049" />
        <LocalizedName description="Microsoft Dynamics 365 Business Central" languagecode="1050" />
        <LocalizedName description="Microsoft Dynamics 365 Business Central" languagecode="1051" />
        <LocalizedName description="Microsoft Dynamics 365 Business Central" languagecode="1053" />
        <LocalizedName description="Microsoft Dynamics 365 Business Central" languagecode="1054" />
        <LocalizedName description="Microsoft Dynamics 365 Business Central" languagecode="1055" />
        <LocalizedName description="Microsoft Dynamics 365 Business Central" languagecode="1057" />
        <LocalizedName description="Microsoft Dynamics 365 Business Central" languagecode="1058" />
        <LocalizedName description="Microsoft Dynamics 365 Business Central" languagecode="1060" />
        <LocalizedName description="Microsoft Dynamics 365 Business Central" languagecode="1061" />
        <LocalizedName description="Microsoft Dynamics 365 Business Central" languagecode="1062" />
        <LocalizedName description="Microsoft Dynamics 365 Business Central" languagecode="1063" />
        <LocalizedName description="Microsoft Dynamics 365 Business Central" languagecode="1066" />
        <LocalizedName description="Microsoft Dynamics 365 Business Central" languagecode="1069" />
        <LocalizedName description="Microsoft Dynamics 365 Business Central" languagecode="1081" />
        <LocalizedName description="Microsoft Dynamics 365 Business Central" languagecode="1086" />
        <LocalizedName description="Microsoft Dynamics 365 Business Central" languagecode="1087" />
        <LocalizedName description="Microsoft Dynamics 365 Business Central" languagecode="1110" />
        <LocalizedName description="Microsoft Dynamics 365 Business Central" languagecode="2052" />
        <LocalizedName description="Microsoft Dynamics 365 Business Central" languagecode="2070" />
        <LocalizedName description="Microsoft Dynamics 365 Business Central" languagecode="2074" />
        <LocalizedName description="Microsoft Dynamics 365 Business Central" languagecode="3076" />
        <LocalizedName description="Microsoft Dynamics 365 Business Central" languagecode="3082" />
        <LocalizedName description="Microsoft Dynamics 365 Business Central" languagecode="3098" />
      </LocalizedNames>
      <Descriptions>
        <Description description="Publisher for Microsoft Dynamics 365 Business Central" languagecode="1033" />
        <Description description="ناشر لـ Microsoft Dynamics 365 Business Central" languagecode="1025" />
        <Description description="Издател за Microsoft Dynamics 365 Business Central" languagecode="1026" />
        <Description description="Editor per al Microsoft Dynamics 365 Business Central" languagecode="1027" />
        <Description description="Microsoft Dynamics 365 Business Central 發行者" languagecode="1028" />
        <Description description="Vydavatel pro Microsoft Dynamics 365 Business Central" languagecode="1029" />
        <Description description="Udgiver for Microsoft Dynamics 365 Business Central" languagecode="1030" />
        <Description description="Herausgeber für Microsoft Dynamics 365 Business Central" languagecode="1031" />
        <Description description="Εκδότης του Microsoft Dynamics 365 Business Central" languagecode="1032" />
        <Description description="Microsoft Dynamics 365 Business Central:n julkaisija" languagecode="1035" />
        <Description description="Éditeur de Microsoft Dynamics 365 Business Central" languagecode="1036" />
        <Description description="פורסם עבור Microsoft Dynamics 365 Business Central" languagecode="1037" />
        <Description description="A Microsoft Dynamics 365 Business Central közzétevője" languagecode="1038" />
        <Description description="Autore per Microsoft Dynamics 365 Business Central" languagecode="1040" />
        <Description description="Microsoft Dynamics 365 Business Central の発行者" languagecode="1041" />
        <Description description="Microsoft Dynamics 365 Business Central의 게시자" languagecode="1042" />
        <Description description="Uitgever voor Microsoft Dynamics 365 Business Central" languagecode="1043" />
        <Description description="Utgiver for Microsoft Dynamics 365 Business Central" languagecode="1044" />
        <Description description="Wydawca systemu Microsoft Dynamics 365 Business Central" languagecode="1045" />
        <Description description="Publicador para Microsoft Dynamics 365 Business Central" languagecode="1046" />
        <Description description="Editor pentru Microsoft Dynamics 365 Business Central" languagecode="1048" />
        <Description description="Издатель Microsoft Dynamics 365 Business Central" languagecode="1049" />
        <Description description="Izdavač za Microsoft Dynamics 365 Business Central" languagecode="1050" />
        <Description description="Vydavateľ systému Microsoft Dynamics 365 Business Central" languagecode="1051" />
        <Description description="Utgivare av Microsoft Dynamics 365 Business Central" languagecode="1053" />
        <Description description="ผู้เผยแพร่สำหรับ Microsoft Dynamics 365 Business Central" languagecode="1054" />
        <Description description="Microsoft Dynamics 365 Business Central için Yayımcı" languagecode="1055" />
        <Description description="Penerbit untuk Microsoft Dynamics 365 Business Central" languagecode="1057" />
        <Description description="Видавець для Microsoft Dynamics 365 Business Central" languagecode="1058" />
        <Description description="Izdajatelj za organizacijo Microsoft Dynamics 365 Business Central" languagecode="1060" />
        <Description description="Microsoft Dynamics 365 Business Central-i avaldaja" languagecode="1061" />
        <Description description="Izstrādātājs Microsoft Dynamics 365 Business Central" languagecode="1062" />
        <Description description="„Microsoft Dynamics 365 Business Central“ leidėjas" languagecode="1063" />
        <Description description="Nhà phát hành cho Microsoft Dynamics 365 Business Central" languagecode="1066" />
        <Description description="Microsoft Dynamics 365 Business Central soluziorako argitaratzailea" languagecode="1069" />
        <Description description="Microsoft Dynamics 365 Business Central के लिए प्रकाशक" languagecode="1081" />
        <Description description="Penerbit bagi Microsoft Dynamics 365 Business Central" languagecode="1086" />
        <Description description="Microsoft Dynamics 365 Business Central жариялаушысы" languagecode="1087" />
        <Description description="Publicador para Microsoft Dynamics 365 Business Central" languagecode="1110" />
        <Description description="Microsoft Dynamics 365 Business Central 的发布者" languagecode="2052" />
        <Description description="Publicador do Microsoft Dynamics 365 Business Central" languagecode="2070" />
        <Description description="Izdavač za Microsoft Dynamics 365 Business Central" languagecode="2074" />
        <Description description="Microsoft Dynamics 365 Business Central 發行者" languagecode="3076" />
        <Description description="Editor de Microsoft Dynamics 365 Business Central" languagecode="3082" />
        <Description description="Издавач за Microsoft Dynamics 365 Business Central" languagecode="3098" />
      </Descriptions>
      <EMailAddress xsi:nil="true">
      </EMailAddress>
      <SupportingWebsiteUrl xsi:nil="true">
      </SupportingWebsiteUrl>
      <CustomizationPrefix>nav</CustomizationPrefix>
      <CustomizationOptionValuePrefix>80863</CustomizationOptionValuePrefix>
      <Addresses>
        <Address>
          <AddressNumber>1</AddressNumber>
          <AddressTypeCode>1</AddressTypeCode>
          <City>Redmond</City>
          <County xsi:nil="true">
          </County>
          <Country>US</Country>
          <Fax xsi:nil="true">
          </Fax>
          <FreightTermsCode xsi:nil="true">
          </FreightTermsCode>
          <ImportSequenceNumber xsi:nil="true">
          </ImportSequenceNumber>
          <Latitude xsi:nil="true">
          </Latitude>
          <Line1>One Microsoft Way</Line1>
          <Line2 xsi:nil="true">
          </Line2>
          <Line3 xsi:nil="true">
          </Line3>
          <Longitude xsi:nil="true">
          </Longitude>
          <Name xsi:nil="true">
          </Name>
          <PostalCode>98052</PostalCode>
          <PostOfficeBox xsi:nil="true">
          </PostOfficeBox>
          <PrimaryContactName xsi:nil="true">
          </PrimaryContactName>
          <ShippingMethodCode>1</ShippingMethodCode>
          <StateOrProvince>Washington</StateOrProvince>
          <Telephone1>1-888-477-7989</Telephone1>
          <Telephone2 xsi:nil="true">
          </Telephone2>
          <Telephone3 xsi:nil="true">
          </Telephone3>
          <TimeZoneRuleVersionNumber xsi:nil="true">
          </TimeZoneRuleVersionNumber>
          <UPSZone xsi:nil="true">
          </UPSZone>
          <UTCOffset xsi:nil="true">
          </UTCOffset>
          <UTCConversionTimeZoneCode xsi:nil="true">
          </UTCConversionTimeZoneCode>
        </Address>
        <Address>
          <AddressNumber>2</AddressNumber>
          <AddressTypeCode>1</AddressTypeCode>
          <City xsi:nil="true">
          </City>
          <County xsi:nil="true">
          </County>
          <Country xsi:nil="true">
          </Country>
          <Fax xsi:nil="true">
          </Fax>
          <FreightTermsCode xsi:nil="true">
          </FreightTermsCode>
          <ImportSequenceNumber xsi:nil="true">
          </ImportSequenceNumber>
          <Latitude xsi:nil="true">
          </Latitude>
          <Line1 xsi:nil="true">
          </Line1>
          <Line2 xsi:nil="true">
          </Line2>
          <Line3 xsi:nil="true">
          </Line3>
          <Longitude xsi:nil="true">
          </Longitude>
          <Name xsi:nil="true">
          </Name>
          <PostalCode xsi:nil="true">
          </PostalCode>
          <PostOfficeBox xsi:nil="true">
          </PostOfficeBox>
          <PrimaryContactName xsi:nil="true">
          </PrimaryContactName>
          <ShippingMethodCode>1</ShippingMethodCode>
          <StateOrProvince xsi:nil="true">
          </StateOrProvince>
          <Telephone1 xsi:nil="true">
          </Telephone1>
          <Telephone2 xsi:nil="true">
          </Telephone2>
          <Telephone3 xsi:nil="true">
          </Telephone3>
          <TimeZoneRuleVersionNumber xsi:nil="true">
          </TimeZoneRuleVersionNumber>
          <UPSZone xsi:nil="true">
          </UPSZone>
          <UTCOffset xsi:nil="true">
          </UTCOffset>
          <UTCConversionTimeZoneCode xsi:nil="true">
          </UTCConversionTimeZoneCode>
        </Address>
      </Addresses>
    </Publisher>
    <RootComponents>
      <RootComponent type="1" schemaName="account" />
      <RootComponent type="1" schemaName="activitypointer" />
      <RootComponent type="1" schemaName="contact" />
      <RootComponent type="1" schemaName="contract" />
      <RootComponent type="1" schemaName="contractdetail" />
      <RootComponent type="1" schemaName="entitlement" />
      <RootComponent type="1" schemaName="incident" />
      <RootComponent type="1" schemaName="invoice" />
      <RootComponent type="1" schemaName="nav_accountstatistics" />
      <RootComponent type="1" schemaName="nav_connection" />
      <RootComponent type="1" schemaName="opportunity" />
      <RootComponent type="1" schemaName="opportunityproduct" />
      <RootComponent type="1" schemaName="product" />
      <RootComponent type="1" schemaName="pricelevel" />
      <RootComponent type="1" schemaName="quote" />
      <RootComponent type="1" schemaName="quotedetail" />
      <RootComponent type="1" schemaName="salesorder" />
      <RootComponent type="1" schemaName="salesorderdetail" />
      <RootComponent type="1" schemaName="service" />
      <RootComponent type="1" schemaName="systemuser" />
      <RootComponent type="1" schemaName="transactioncurrency" />
      <RootComponent type="20" id="{8c8d4f51-a72b-e511-80d9-3863bb349780}" />
      <RootComponent type="20" id="{6f960e32-a72b-e511-80d9-3863bb349780}" />
      <RootComponent type="29" id="{2aaa5c42-f51f-ea11-a810-000d3a0b8d0b}" />
      <RootComponent type="29" id="{ba2295ca-f61f-ea11-a810-000d3a0b8d0b}" />
      <RootComponent type="29" id="{969596a4-f81f-ea11-a810-000d3a0b8d0b}" />
      <RootComponent type="29" id="{1dc71d5f-f91f-ea11-a810-000d3a0b8d0b}" />
      <RootComponent type="29" id="{2d67fff1-fd1f-ea11-a810-000d3a0b8d0b}" />
      <RootComponent type="29" id="{4735e3d4-fe1f-ea11-a810-000d3a0b8d0b}" />
      <RootComponent type="61" schemaName="nav_NavConnect.js" />
    </RootComponents>
    <MissingDependencies>
      <MissingDependency>
        <Required key="35" type="1" schemaName="product" displayName="Product" solution="msdynce_ProductManagement (9.0.4.0066)" />
        <Dependent key="43" type="2" schemaName="bcbi_companyid" displayName="Company" parentSchemaName="product" parentDisplayName="Product" />
      </MissingDependency>
      <MissingDependency>
        <Required key="22" type="1" schemaName="quote" displayName="Quote" solution="msdynce_Sales (9.0.4.0076)" />
        <Dependent key="59" type="2" schemaName="bcbi_companyid" displayName="Company" parentSchemaName="quote" parentDisplayName="Quote" />
      </MissingDependency>
      <MissingDependency>
        <Required key="33" type="1" schemaName="pricelevel" displayName="Price List" solution="msdynce_ProductManagement (9.0.4.0066)" />
        <Dependent key="62" type="2" schemaName="bcbi_companyidname" parentSchemaName="pricelevel" parentDisplayName="Price List" />
      </MissingDependency>
      <MissingDependency>
        <Required key="22" type="1" schemaName="quote" displayName="Quote" solution="msdynce_Sales (9.0.4.0076)" />
        <Dependent key="86" type="2" schemaName="bcbi_companyidname" parentSchemaName="quote" parentDisplayName="Quote" />
      </MissingDependency>
      <MissingDependency>
        <Required key="10" type="1" schemaName="salesorder" displayName="Order" solution="msdynce_Sales (9.0.4.0076)" />
        <Dependent key="108" type="2" schemaName="bcbi_companyid" displayName="Company" parentSchemaName="salesorder" parentDisplayName="Order" />
      </MissingDependency>
      <MissingDependency>
        <Required key="6" type="1" schemaName="opportunity" displayName="Opportunity" solution="msdynce_Sales (9.0.4.0076)" />
        <Dependent key="154" type="2" schemaName="bcbi_companyid" displayName="Company" parentSchemaName="opportunity" parentDisplayName="Opportunity" />
      </MissingDependency>
      <MissingDependency>
        <Required key="10" type="1" schemaName="salesorder" displayName="Order" solution="msdynce_Sales (9.0.4.0076)" />
        <Dependent key="211" type="2" schemaName="bcbi_companyidname" parentSchemaName="salesorder" parentDisplayName="Order" />
      </MissingDependency>
      <MissingDependency>
        <Required key="16" type="1" schemaName="invoice" displayName="Invoice" solution="msdynce_Sales (9.0.4.0076)" />
        <Dependent key="238" type="2" schemaName="bcbi_companyidname" parentSchemaName="invoice" parentDisplayName="Invoice" />
      </MissingDependency>
      <MissingDependency>
        <Required key="6" type="1" schemaName="opportunity" displayName="Opportunity" solution="msdynce_Sales (9.0.4.0076)" />
        <Dependent key="272" type="2" schemaName="bcbi_companyidname" parentSchemaName="opportunity" parentDisplayName="Opportunity" />
      </MissingDependency>
      <MissingDependency>
        <Required key="35" type="1" schemaName="product" displayName="Product" solution="msdynce_ProductManagement (9.0.4.0066)" />
        <Dependent key="273" type="2" schemaName="bcbi_companyidname" parentSchemaName="product" parentDisplayName="Product" />
      </MissingDependency>
      <MissingDependency>
        <Required key="33" type="1" schemaName="pricelevel" displayName="Price List" solution="msdynce_ProductManagement (9.0.4.0066)" />
        <Dependent key="275" type="2" schemaName="bcbi_companyid" displayName="Company" parentSchemaName="pricelevel" parentDisplayName="Price List" />
      </MissingDependency>
      <MissingDependency>
        <Required key="16" type="1" schemaName="invoice" displayName="Invoice" solution="msdynce_Sales (9.0.4.0076)" />
        <Dependent key="340" type="2" schemaName="bcbi_companyid" displayName="Company" parentSchemaName="invoice" parentDisplayName="Invoice" />
      </MissingDependency>
      <MissingDependency>
        <Required key="35" type="1" schemaName="product" displayName="Product" solution="msdynce_ProductManagement (9.0.4.0066)" />
        <Dependent key="378" type="10" schemaName="bcbi_Product_Company_bcbi_Company" displayName="bcbi_Product_Company_bcbi_Company" parentSchemaName="bcbi_company" parentDisplayName="Company" />
      </MissingDependency>
      <MissingDependency>
        <Required key="33" type="1" schemaName="pricelevel" displayName="Price List" solution="msdynce_ProductManagement (9.0.4.0066)" />
        <Dependent key="379" type="10" schemaName="bcbi_PriceLevel_Company_bcbi_Company" displayName="bcbi_PriceLevel_Company_bcbi_Company" parentSchemaName="bcbi_company" parentDisplayName="Company" />
      </MissingDependency>
      <MissingDependency>
        <Required key="0" type="1" schemaName="bcbi_company" displayName="Company" solution="bcbi_CdsBaseIntegration (15.0.38841.0)" />
        <Dependent key="386" type="10" schemaName="bcbi_Invoice_Company_bcbi_Company" displayName="bcbi_Invoice_Company_bcbi_Company" parentSchemaName="bcbi_company" parentDisplayName="Company" />
      </MissingDependency>
      <MissingDependency>
        <Required key="0" type="1" schemaName="bcbi_company" displayName="Company" solution="bcbi_CdsBaseIntegration (15.0.38841.0)" />
        <Dependent key="378" type="10" schemaName="bcbi_Product_Company_bcbi_Company" displayName="bcbi_Product_Company_bcbi_Company" parentSchemaName="bcbi_company" parentDisplayName="Company" />
      </MissingDependency>
      <MissingDependency>
        <Required key="0" type="1" schemaName="bcbi_company" displayName="Company" solution="bcbi_CdsBaseIntegration (15.0.38841.0)" />
        <Dependent key="387" type="10" schemaName="bcbi_Quote_Company_bcbi_Company" displayName="bcbi_Quote_Company_bcbi_Company" parentSchemaName="bcbi_company" parentDisplayName="Company" />
      </MissingDependency>
      <MissingDependency>
        <Required key="0" type="1" schemaName="bcbi_company" displayName="Company" solution="bcbi_CdsBaseIntegration (15.0.38841.0)" />
        <Dependent key="379" type="10" schemaName="bcbi_PriceLevel_Company_bcbi_Company" displayName="bcbi_PriceLevel_Company_bcbi_Company" parentSchemaName="bcbi_company" parentDisplayName="Company" />
      </MissingDependency>
      <MissingDependency>
        <Required key="0" type="1" schemaName="bcbi_company" displayName="Company" solution="bcbi_CdsBaseIntegration (15.0.38841.0)" />
        <Dependent key="388" type="10" schemaName="bcbi_Opportunity_Company_bcbi_Company" displayName="bcbi_Opportunity_Company_bcbi_Company" parentSchemaName="bcbi_company" parentDisplayName="Company" />
      </MissingDependency>
      <MissingDependency>
        <Required key="0" type="1" schemaName="bcbi_company" displayName="Company" solution="bcbi_CdsBaseIntegration (15.0.38841.0)" />
        <Dependent key="389" type="10" schemaName="bcbi_SalesOrder_Company_bcbi_Company" displayName="bcbi_SalesOrder_Company_bcbi_Company" parentSchemaName="bcbi_company" parentDisplayName="Company" />
      </MissingDependency>
      <MissingDependency>
        <Required key="10" type="1" schemaName="salesorder" displayName="Order" solution="msdynce_Sales (9.0.4.0076)" />
        <Dependent key="389" type="10" schemaName="bcbi_SalesOrder_Company_bcbi_Company" displayName="bcbi_SalesOrder_Company_bcbi_Company" parentSchemaName="bcbi_company" parentDisplayName="Company" />
      </MissingDependency>
      <MissingDependency>
        <Required key="22" type="1" schemaName="quote" displayName="Quote" solution="msdynce_Sales (9.0.4.0076)" />
        <Dependent key="387" type="10" schemaName="bcbi_Quote_Company_bcbi_Company" displayName="bcbi_Quote_Company_bcbi_Company" parentSchemaName="bcbi_company" parentDisplayName="Company" />
      </MissingDependency>
      <MissingDependency>
        <Required key="6" type="1" schemaName="opportunity" displayName="Opportunity" solution="msdynce_Sales (9.0.4.0076)" />
        <Dependent key="388" type="10" schemaName="bcbi_Opportunity_Company_bcbi_Company" displayName="bcbi_Opportunity_Company_bcbi_Company" parentSchemaName="bcbi_company" parentDisplayName="Company" />
      </MissingDependency>
      <MissingDependency>
        <Required key="16" type="1" schemaName="invoice" displayName="Invoice" solution="msdynce_Sales (9.0.4.0076)" />
        <Dependent key="386" type="10" schemaName="bcbi_Invoice_Company_bcbi_Company" displayName="bcbi_Invoice_Company_bcbi_Company" parentSchemaName="bcbi_company" parentDisplayName="Company" />
      </MissingDependency>
      <MissingDependency>
        <Required key="429" type="2" schemaName="bcbi_companyid" displayName="Company" parentSchemaName="bcbi_company" parentDisplayName="Company" solution="bcbi_CdsBaseIntegration (15.0.38841.0)" />
        <Dependent key="387" type="10" schemaName="bcbi_Quote_Company_bcbi_Company" displayName="bcbi_Quote_Company_bcbi_Company" parentSchemaName="bcbi_company" parentDisplayName="Company" />
      </MissingDependency>
      <MissingDependency>
        <Required key="429" type="2" schemaName="bcbi_companyid" displayName="Company" parentSchemaName="bcbi_company" parentDisplayName="Company" solution="bcbi_CdsBaseIntegration (15.0.38841.0)" />
        <Dependent key="378" type="10" schemaName="bcbi_Product_Company_bcbi_Company" displayName="bcbi_Product_Company_bcbi_Company" parentSchemaName="bcbi_company" parentDisplayName="Company" />
      </MissingDependency>
      <MissingDependency>
        <Required key="429" type="2" schemaName="bcbi_companyid" displayName="Company" parentSchemaName="bcbi_company" parentDisplayName="Company" solution="bcbi_CdsBaseIntegration (15.0.38841.0)" />
        <Dependent key="388" type="10" schemaName="bcbi_Opportunity_Company_bcbi_Company" displayName="bcbi_Opportunity_Company_bcbi_Company" parentSchemaName="bcbi_company" parentDisplayName="Company" />
      </MissingDependency>
      <MissingDependency>
        <Required key="429" type="2" schemaName="bcbi_companyid" displayName="Company" parentSchemaName="bcbi_company" parentDisplayName="Company" solution="bcbi_CdsBaseIntegration (15.0.38841.0)" />
        <Dependent key="379" type="10" schemaName="bcbi_PriceLevel_Company_bcbi_Company" displayName="bcbi_PriceLevel_Company_bcbi_Company" parentSchemaName="bcbi_company" parentDisplayName="Company" />
      </MissingDependency>
      <MissingDependency>
        <Required key="429" type="2" schemaName="bcbi_companyid" displayName="Company" parentSchemaName="bcbi_company" parentDisplayName="Company" solution="bcbi_CdsBaseIntegration (15.0.38841.0)" />
        <Dependent key="390" type="10" schemaName="bcbi_Account_CompanyId_bcbi_Company" displayName="bcbi_Account_CompanyId_bcbi_Company" parentSchemaName="bcbi_company" parentDisplayName="Company" />
      </MissingDependency>
      <MissingDependency>
        <Required key="429" type="2" schemaName="bcbi_companyid" displayName="Company" parentSchemaName="bcbi_company" parentDisplayName="Company" solution="bcbi_CdsBaseIntegration (15.0.38841.0)" />
        <Dependent key="389" type="10" schemaName="bcbi_SalesOrder_Company_bcbi_Company" displayName="bcbi_SalesOrder_Company_bcbi_Company" parentSchemaName="bcbi_company" parentDisplayName="Company" />
      </MissingDependency>
      <MissingDependency>
        <Required key="429" type="2" schemaName="bcbi_companyid" displayName="Company" parentSchemaName="bcbi_company" parentDisplayName="Company" solution="bcbi_CdsBaseIntegration (15.0.38841.0)" />
        <Dependent key="386" type="10" schemaName="bcbi_Invoice_Company_bcbi_Company" displayName="bcbi_Invoice_Company_bcbi_Company" parentSchemaName="bcbi_company" parentDisplayName="Company" />
      </MissingDependency>
      <MissingDependency>
        <Required key="10" type="1" schemaName="salesorder" displayName="Order" solution="msdynce_Sales (9.0.4.0076)" />
        <Dependent key="61" type="29" displayName="Lock Company Id on Order" id="{ba2295ca-f61f-ea11-a810-000d3a0b8d0b}" />
      </MissingDependency>
      <MissingDependency>
        <Required key="22" type="1" schemaName="quote" displayName="Quote" solution="msdynce_Sales (9.0.4.0076)" />
        <Dependent key="163" type="29" displayName="Lock Company Id on Quote" id="{1dc71d5f-f91f-ea11-a810-000d3a0b8d0b}" />
      </MissingDependency>
      <MissingDependency>
        <Required key="33" type="1" schemaName="pricelevel" displayName="Price List" solution="msdynce_ProductManagement (9.0.4.0066)" />
        <Dependent key="185" type="29" displayName="Lock Company Id on PriceLevel" id="{4735e3d4-fe1f-ea11-a810-000d3a0b8d0b}" />
      </MissingDependency>
      <MissingDependency>
        <Required key="16" type="1" schemaName="invoice" displayName="Invoice" solution="msdynce_Sales (9.0.4.0076)" />
        <Dependent key="287" type="29" displayName="Lock Company Id on Invoice" id="{2d67fff1-fd1f-ea11-a810-000d3a0b8d0b}" />
      </MissingDependency>
      <MissingDependency>
        <Required key="35" type="1" schemaName="product" displayName="Product" solution="msdynce_ProductManagement (9.0.4.0066)" />
        <Dependent key="328" type="29" displayName="Lock Company Id on Product" id="{2aaa5c42-f51f-ea11-a810-000d3a0b8d0b}" />
      </MissingDependency>
      <MissingDependency>
        <Required key="6" type="1" schemaName="opportunity" displayName="Opportunity" solution="msdynce_Sales (9.0.4.0076)" />
        <Dependent key="329" type="29" displayName="Lock Company Id on Opportunity" id="{969596a4-f81f-ea11-a810-000d3a0b8d0b}" />
      </MissingDependency>
      <MissingDependency>
        <Required key="397" type="2" schemaName="createdon" displayName="Created On" parentSchemaName="invoice" parentDisplayName="Invoice" solution="msdynce_Sales (9.0.4.0076)" />
        <Dependent key="287" type="29" displayName="Lock Company Id on Invoice" id="{2d67fff1-fd1f-ea11-a810-000d3a0b8d0b}" />
      </MissingDependency>
      <MissingDependency>
        <Required key="399" type="2" schemaName="createdon" displayName="Created On" parentSchemaName="quote" parentDisplayName="Quote" solution="msdynce_Sales (9.0.4.0076)" />
        <Dependent key="163" type="29" displayName="Lock Company Id on Quote" id="{1dc71d5f-f91f-ea11-a810-000d3a0b8d0b}" />
      </MissingDependency>
      <MissingDependency>
        <Required key="401" type="2" schemaName="salesorderid" displayName="Order" parentSchemaName="salesorder" parentDisplayName="Order" solution="msdynce_Sales (9.0.4.0076)" />
        <Dependent key="61" type="29" displayName="Lock Company Id on Order" id="{ba2295ca-f61f-ea11-a810-000d3a0b8d0b}" />
      </MissingDependency>
      <MissingDependency>
        <Required key="402" type="2" schemaName="name" displayName="Name" parentSchemaName="pricelevel" parentDisplayName="Price List" solution="msdynce_ProductManagement (9.0.4.0066)" />
        <Dependent key="185" type="29" displayName="Lock Company Id on PriceLevel" id="{4735e3d4-fe1f-ea11-a810-000d3a0b8d0b}" />
      </MissingDependency>
      <MissingDependency>
        <Required key="405" type="2" schemaName="createdon" displayName="Created On" parentSchemaName="opportunity" parentDisplayName="Opportunity" solution="msdynce_Sales (9.0.4.0076)" />
        <Dependent key="329" type="29" displayName="Lock Company Id on Opportunity" id="{969596a4-f81f-ea11-a810-000d3a0b8d0b}" />
      </MissingDependency>
      <MissingDependency>
        <Required key="406" type="2" schemaName="name" displayName="Name" parentSchemaName="salesorder" parentDisplayName="Order" solution="msdynce_Sales (9.0.4.0076)" />
        <Dependent key="61" type="29" displayName="Lock Company Id on Order" id="{ba2295ca-f61f-ea11-a810-000d3a0b8d0b}" />
      </MissingDependency>
      <MissingDependency>
        <Required key="407" type="2" schemaName="opportunityid" displayName="Opportunity" parentSchemaName="opportunity" parentDisplayName="Opportunity" solution="msdynce_Sales (9.0.4.0076)" />
        <Dependent key="329" type="29" displayName="Lock Company Id on Opportunity" id="{969596a4-f81f-ea11-a810-000d3a0b8d0b}" />
      </MissingDependency>
      <MissingDependency>
        <Required key="408" type="2" schemaName="quoteid" displayName="Quote" parentSchemaName="quote" parentDisplayName="Quote" solution="msdynce_Sales (9.0.4.0076)" />
        <Dependent key="163" type="29" displayName="Lock Company Id on Quote" id="{1dc71d5f-f91f-ea11-a810-000d3a0b8d0b}" />
      </MissingDependency>
      <MissingDependency>
        <Required key="409" type="2" schemaName="name" displayName="Name" parentSchemaName="product" parentDisplayName="Product" solution="msdynce_ProductManagement (9.0.4.0066)" />
        <Dependent key="328" type="29" displayName="Lock Company Id on Product" id="{2aaa5c42-f51f-ea11-a810-000d3a0b8d0b}" />
      </MissingDependency>
      <MissingDependency>
        <Required key="410" type="2" schemaName="createdon" displayName="Created On" parentSchemaName="salesorder" parentDisplayName="Order" solution="msdynce_Sales (9.0.4.0076)" />
        <Dependent key="61" type="29" displayName="Lock Company Id on Order" id="{ba2295ca-f61f-ea11-a810-000d3a0b8d0b}" />
      </MissingDependency>
      <MissingDependency>
        <Required key="411" type="2" schemaName="pricelevelid" displayName="Price List" parentSchemaName="pricelevel" parentDisplayName="Price List" solution="msdynce_ProductManagement (9.0.4.0066)" />
        <Dependent key="185" type="29" displayName="Lock Company Id on PriceLevel" id="{4735e3d4-fe1f-ea11-a810-000d3a0b8d0b}" />
      </MissingDependency>
      <MissingDependency>
        <Required key="412" type="2" schemaName="invoiceid" displayName="Invoice" parentSchemaName="invoice" parentDisplayName="Invoice" solution="msdynce_Sales (9.0.4.0076)" />
        <Dependent key="287" type="29" displayName="Lock Company Id on Invoice" id="{2d67fff1-fd1f-ea11-a810-000d3a0b8d0b}" />
      </MissingDependency>
      <MissingDependency>
        <Required key="414" type="2" schemaName="createdon" displayName="Created On" parentSchemaName="product" parentDisplayName="Product" solution="msdynce_ProductManagement (9.0.4.0066)" />
        <Dependent key="328" type="29" displayName="Lock Company Id on Product" id="{2aaa5c42-f51f-ea11-a810-000d3a0b8d0b}" />
      </MissingDependency>
      <MissingDependency>
        <Required key="416" type="2" schemaName="productid" displayName="Product" parentSchemaName="product" parentDisplayName="Product" solution="msdynce_ProductManagement (9.0.4.0066)" />
        <Dependent key="328" type="29" displayName="Lock Company Id on Product" id="{2aaa5c42-f51f-ea11-a810-000d3a0b8d0b}" />
      </MissingDependency>
      <MissingDependency>
        <Required key="419" type="2" schemaName="name" displayName="Name" parentSchemaName="quote" parentDisplayName="Quote" solution="msdynce_Sales (9.0.4.0076)" />
        <Dependent key="163" type="29" displayName="Lock Company Id on Quote" id="{1dc71d5f-f91f-ea11-a810-000d3a0b8d0b}" />
      </MissingDependency>
      <MissingDependency>
        <Required key="420" type="2" schemaName="name" displayName="Topic" parentSchemaName="opportunity" parentDisplayName="Opportunity" solution="msdynce_Sales (9.0.4.0076)" />
        <Dependent key="329" type="29" displayName="Lock Company Id on Opportunity" id="{969596a4-f81f-ea11-a810-000d3a0b8d0b}" />
      </MissingDependency>
      <MissingDependency>
        <Required key="425" type="2" schemaName="name" displayName="Name" parentSchemaName="invoice" parentDisplayName="Invoice" solution="msdynce_Sales (9.0.4.0076)" />
        <Dependent key="287" type="29" displayName="Lock Company Id on Invoice" id="{2d67fff1-fd1f-ea11-a810-000d3a0b8d0b}" />
      </MissingDependency>
    </MissingDependencies>
  </SolutionManifest>
</ImportExportXml>