<?xml version="1.0" encoding="utf-8"?>
<Manifest>
    <Resources>
        <StyleSheet>BusinessChartAddIn.css</StyleSheet>
        <Script>BusinessChartAddIn.js</Script>
    </Resources>

    <ScriptUrls>
        <ScriptUrl>js/jquery-3.5.1.min.js</ScriptUrl>
        <ScriptUrl>js/highcharts-9.1.1.js</ScriptUrl>
        <ScriptUrl>js/highcharts-more-9.1.1.js</ScriptUrl>
        <ScriptUrl>js/funnel-9.1.1.js</ScriptUrl>
        <ScriptUrl>js/accessibility-9.1.1.js</ScriptUrl>
    </ScriptUrls>

    <Script>
        <![CDATA[
Initialize();
        ]]>
    </Script>

    <RecreateScript>
        <![CDATA[
Refresh();
        ]]>
    </RecreateScript>

    <RefreshScript>
        <![CDATA[
Refresh();
        ]]>
    </RefreshScript>

    <RequestedHeight>320</RequestedHeight>
    <RequestedWidth>300</RequestedWidth>

    <MinimumHeight>180</MinimumHeight>
    <MinimumWidth>200</MinimumWidth>

    <VerticalStretch>true</VerticalStretch>
    <HorizontalStretch>true</HorizontalStretch>

    <VerticalShrink>true</VerticalShrink>
    <HorizontalShrink>true</HorizontalShrink>
</Manifest>
