﻿<?xml version="1.0" encoding="utf-8"?>
<Manifest>
	<Resources>
		<Script>droparea.js</Script>
		<StyleSheet>droparea.css</StyleSheet>
		<Image>BackgroundImage.png</Image>
	</Resources>
	<ScriptUrls>
		<ScriptUrl>https://ajax.aspnetcdn.com/ajax/jQuery/jquery-1.9.1.min.js</ScriptUrl>
	</ScriptUrls>

	<Script>
		<![CDATA[
        $(document).ready(function() 
        { 
            initializeControlAddIn('controlAddIn', Microsoft.Dynamics.NAV.GetImageResource('BackgroundImage.png'));
            Microsoft.Dynamics.NAV.InvokeExtensibilityMethod('ControlAddInReady', null);
        });
        ]]>
	</Script>

	<RequestedHeight>150</RequestedHeight>
	<RequestedWidth>150</RequestedWidth>
	<VerticalStretch>true</VerticalStretch>
	<HorizontalStretch>true</HorizontalStretch>
</Manifest>

