<?xml version="1.0" encoding="utf-8"?>
<Manifest>
  
  <Resources>
    <StyleSheet>OAuthIntegration.css</StyleSheet>
    <Script>OAuthIntegration.js</Script>
  </Resources>
 
  <Script>
    <![CDATA[ 
    Microsoft.Dynamics.NAV.InvokeExtensibilityMethod('ControlAddInReady');
        ]]>
  </Script>

  <RequestedHeight>30</RequestedHeight>
  <RequestedWidth>200</RequestedWidth>

  <MinimumHeight>20</MinimumHeight>
  <MinimumWidth>200</MinimumWidth>

  <VerticalStretch>false</VerticalStretch>
  <HorizontalStretch>false</HorizontalStretch>

  <VerticalShrink>true</VerticalShrink>
  <HorizontalShrink>true</HorizontalShrink>
</Manifest>
