﻿<?xml version="1.0" encoding="utf-8"?>
<Manifest>
  <Resources>
    <Script>WebPageViewerHelper.js</Script>
    <Script>WebPageViewer.js</Script>
    <StyleSheet>Style.css</StyleSheet>
    <Image>callback.html</Image>
    <Image>Loader.gif</Image>
  </Resources>

  <Script>
    <![CDATA[
WebPageViewerHelper.Initialize();
Microsoft.Dynamics.NAV.InvokeExtensibilityMethod('ControlAddInReady', [WebPageViewerHelper.GetCallbackURL()]);
    ]]>
  </Script>
    
  <RecreateScript>
    <![CDATA[ 
Microsoft.Dynamics.NAV.InvokeExtensibilityMethod('Refresh', [WebPageViewerHelper.GetCallbackURL()]);
    ]]>
  </RecreateScript>

  <RefreshScript>
    <![CDATA[
Microsoft.Dynamics.NAV.InvokeExtensibilityMethod('Refresh', [WebPageViewerHelper.GetCallbackURL()]);
    ]]>
  </RefreshScript>
    
  <RequestedHeight>320</RequestedHeight>
  <RequestedWidth>300</RequestedWidth>

  <MinimumHeight>180</MinimumHeight>
  <MinimumWidth>200</MinimumWidth>

  <VerticalStretch>true</VerticalStretch>
  <HorizontalStretch>true</HorizontalStretch>

  <VerticalShrink>true</VerticalShrink>
  <HorizontalShrink>true</HorizontalShrink>
</Manifest>
