﻿<?xml version="1.0" encoding="utf-8"?>
<ImportExportXml version="7.1.0000.1086" SolutionPackageVersion="9.1" languagecode="1033" generatedBy="CrmLive" xmlns:xsi="http://www.w3.org/2001/XMLSchema-instance">
  <SolutionManifest>
    <UniqueName>bcbi_CdsBaseIntegration</UniqueName>
    <LocalizedNames>
      <LocalizedName description="Microsoft Dynamics 365 Business Central CDS Base Integration" languagecode="1033" />
      <LocalizedName description="تكامل Microsoft Dynamics 365 Business Central CDS Base" languagecode="1025" />
      <LocalizedName description="Интеграция на Microsoft Dynamics 365 Business Central CDS Base" languagecode="1026" />
      <LocalizedName description="Microsoft Dynamics 365 Business Central CDS Base Integration" languagecode="1027" />
      <LocalizedName description="Microsoft Dynamics 365 Business Central CDS Base 整合" languagecode="1028" />
      <LocalizedName description="Integrace s Microsoft Dynamics 365 Business Central CDS Base" languagecode="1029" />
      <LocalizedName description="Microsoft Dynamics 365 Business Central CDS Base-integration" languagecode="1030" />
      <LocalizedName description="Microsoft Dynamics 365 Business Central CDS Base-Integration" languagecode="1031" />
      <LocalizedName description="Microsoft Dynamics 365 Business Central CDS Base Ενοποίηση" languagecode="1032" />
      <LocalizedName description="Microsoft Dynamics 365 Business Central CDS Base -integrointi" languagecode="1035" />
      <LocalizedName description="Intégration Microsoft Dynamics 365 Business Central CDS Base" languagecode="1036" />
      <LocalizedName description="שילוב Microsoft Dynamics 365 Business Central CDS Base" languagecode="1037" />
      <LocalizedName description="Microsoft Dynamics 365 Business Central CDS Base integráció" languagecode="1038" />
      <LocalizedName description="Integrazione Microsoft Dynamics 365 Business Central CDS Base" languagecode="1040" />
      <LocalizedName description="Microsoft Dynamics 365 Business Central CDS Base 統合" languagecode="1041" />
      <LocalizedName description="Microsoft Dynamics 365 Business Central CDS Base 통합" languagecode="1042" />
      <LocalizedName description="Integratie Microsoft Dynamics 365 Business Central CDS Base" languagecode="1043" />
      <LocalizedName description="Microsoft Dynamics 365 Business Central CDS Base-integrering" languagecode="1044" />
      <LocalizedName description="Integracja systemu Microsoft Dynamics 365 Business Central CDS Base" languagecode="1045" />
      <LocalizedName description="Integração do Microsoft Dynamics 365 Business Central CDS Base" languagecode="1046" />
      <LocalizedName description="Integrare Microsoft Dynamics 365 Business Central CDS Base" languagecode="1048" />
      <LocalizedName description="Интеграция Microsoft Dynamics 365 Business Central CDS Base" languagecode="1049" />
      <LocalizedName description="Microsoft Dynamics 365 Business Central CDS Base integracija" languagecode="1050" />
      <LocalizedName description="Integrácia systému Microsoft Dynamics 365 Business Central CDS Base" languagecode="1051" />
      <LocalizedName description="Microsoft Dynamics 365 Business Central CDS Base-integrering" languagecode="1053" />
      <LocalizedName description="การรวม Microsoft Dynamics 365 Business Central CDS Base" languagecode="1054" />
      <LocalizedName description="Microsoft Dynamics 365 Business Central CDS Base Tümleştirmesi" languagecode="1055" />
      <LocalizedName description="Microsoft Dynamics 365 Business Central CDS Base Integrasi" languagecode="1057" />
      <LocalizedName description="Інтеграція Microsoft Dynamics 365 Business Central CDS Base" languagecode="1058" />
      <LocalizedName description="Integracija Microsoft Dynamics 365 Business Central CDS Base" languagecode="1060" />
      <LocalizedName description="Microsoft Dynamics 365 Business Central CDS Base-i integratsioon" languagecode="1061" />
      <LocalizedName description="Microsoft Dynamics 365 Business Central CDS Base Integrācija" languagecode="1062" />
      <LocalizedName description="„Microsoft Dynamics 365 Business Central CDS Base“ integravimas" languagecode="1063" />
      <LocalizedName description="Tích hợp Microsoft Dynamics 365 Business Central CDS Base" languagecode="1066" />
      <LocalizedName description="Microsoft Dynamics 365 Business Central CDS Base integrazioa" languagecode="1069" />
      <LocalizedName description="Microsoft Dynamics 365 Business Central CDS Base एकीकरण" languagecode="1081" />
      <LocalizedName description="Microsoft Dynamics 365 Business Central CDS Base Integrasi" languagecode="1086" />
      <LocalizedName description="Microsoft Dynamics 365 Business Central CDS Base біріктіру" languagecode="1087" />
      <LocalizedName description="Integración de Microsoft Dynamics 365 Business Central CDS Base" languagecode="1110" />
      <LocalizedName description="Microsoft Dynamics 365 Business Central CDS Base 集成" languagecode="2052" />
      <LocalizedName description="Integração do Microsoft Dynamics 365 Business Central CDS Base" languagecode="2070" />
      <LocalizedName description="Microsoft Dynamics 365 Business Central CDS Base Integracija" languagecode="2074" />
      <LocalizedName description="Microsoft Dynamics 365 Business Central CDS Base 整合" languagecode="3076" />
      <LocalizedName description="Integración de Microsoft Dynamics 365 Business Central CDS Base" languagecode="3082" />
      <LocalizedName description="Microsoft Dynamics 365 Business Central CDS Base Интеграција" languagecode="3098" />
    </LocalizedNames>
    <Descriptions>
      <Description description="This solution enables base integration between Microsoft Dynamics 365 Business Central and CDS." languagecode="1033" />
      <Description description="This solution enables base integration between Microsoft Dynamics 365 Business Central and CDS." languagecode="1025" />
      <Description description="This solution enables base integration between Microsoft Dynamics 365 Business Central and CDS." languagecode="1026" />
      <Description description="This solution enables base integration between Microsoft Dynamics 365 Business Central and CDS." languagecode="1027" />
      <Description description="This solution enables base integration between Microsoft Dynamics 365 Business Central and CDS." languagecode="1028" />
      <Description description="This solution enables base integration between Microsoft Dynamics 365 Business Central and CDS." languagecode="1029" />
      <Description description="This solution enables base integration between Microsoft Dynamics 365 Business Central and CDS." languagecode="1030" />
      <Description description="This solution enables base integration between Microsoft Dynamics 365 Business Central and CDS." languagecode="1031" />
      <Description description="This solution enables base integration between Microsoft Dynamics 365 Business Central and CDS." languagecode="1032" />
      <Description description="This solution enables base integration between Microsoft Dynamics 365 Business Central and CDS." languagecode="1035" />
      <Description description="This solution enables base integration between Microsoft Dynamics 365 Business Central and CDS." languagecode="1036" />
      <Description description="This solution enables base integration between Microsoft Dynamics 365 Business Central and CDS." languagecode="1037" />
      <Description description="This solution enables base integration between Microsoft Dynamics 365 Business Central and CDS." languagecode="1038" />
      <Description description="This solution enables base integration between Microsoft Dynamics 365 Business Central and CDS." languagecode="1040" />
      <Description description="This solution enables base integration between Microsoft Dynamics 365 Business Central and CDS." languagecode="1041" />
      <Description description="This solution enables base integration between Microsoft Dynamics 365 Business Central and CDS." languagecode="1042" />
      <Description description="This solution enables base integration between Microsoft Dynamics 365 Business Central and CDS." languagecode="1043" />
      <Description description="This solution enables base integration between Microsoft Dynamics 365 Business Central and CDS." languagecode="1044" />
      <Description description="This solution enables base integration between Microsoft Dynamics 365 Business Central and CDS." languagecode="1045" />
      <Description description="This solution enables base integration between Microsoft Dynamics 365 Business Central and CDS." languagecode="1046" />
      <Description description="This solution enables base integration between Microsoft Dynamics 365 Business Central and CDS." languagecode="1048" />
      <Description description="This solution enables base integration between Microsoft Dynamics 365 Business Central and CDS." languagecode="1049" />
      <Description description="This solution enables base integration between Microsoft Dynamics 365 Business Central and CDS." languagecode="1050" />
      <Description description="This solution enables base integration between Microsoft Dynamics 365 Business Central and CDS." languagecode="1051" />
      <Description description="This solution enables base integration between Microsoft Dynamics 365 Business Central and CDS." languagecode="1053" />
      <Description description="This solution enables base integration between Microsoft Dynamics 365 Business Central and CDS." languagecode="1054" />
      <Description description="This solution enables base integration between Microsoft Dynamics 365 Business Central and CDS." languagecode="1055" />
      <Description description="This solution enables base integration between Microsoft Dynamics 365 Business Central and CDS." languagecode="1057" />
      <Description description="This solution enables base integration between Microsoft Dynamics 365 Business Central and CDS." languagecode="1058" />
      <Description description="This solution enables base integration between Microsoft Dynamics 365 Business Central and CDS." languagecode="1060" />
      <Description description="This solution enables base integration between Microsoft Dynamics 365 Business Central and CDS." languagecode="1061" />
      <Description description="This solution enables base integration between Microsoft Dynamics 365 Business Central and CDS." languagecode="1062" />
      <Description description="This solution enables base integration between Microsoft Dynamics 365 Business Central and CDS." languagecode="1063" />
      <Description description="This solution enables base integration between Microsoft Dynamics 365 Business Central and CDS." languagecode="1066" />
      <Description description="This solution enables base integration between Microsoft Dynamics 365 Business Central and CDS." languagecode="1069" />
      <Description description="This solution enables base integration between Microsoft Dynamics 365 Business Central and CDS." languagecode="1081" />
      <Description description="This solution enables base integration between Microsoft Dynamics 365 Business Central and CDS." languagecode="1086" />
      <Description description="This solution enables base integration between Microsoft Dynamics 365 Business Central and CDS." languagecode="1087" />
      <Description description="This solution enables base integration between Microsoft Dynamics 365 Business Central and CDS." languagecode="1110" />
      <Description description="This solution enables base integration between Microsoft Dynamics 365 Business Central and CDS." languagecode="2052" />
      <Description description="This solution enables base integration between Microsoft Dynamics 365 Business Central and CDS." languagecode="2070" />
      <Description description="This solution enables base integration between Microsoft Dynamics 365 Business Central and CDS." languagecode="2074" />
      <Description description="This solution enables base integration between Microsoft Dynamics 365 Business Central and CDS." languagecode="3076" />
      <Description description="This solution enables base integration between Microsoft Dynamics 365 Business Central and CDS." languagecode="3082" />
      <Description description="This solution enables base integration between Microsoft Dynamics 365 Business Central and CDS." languagecode="3098" />
    </Descriptions>
    <Version>16.0.13440.13772</Version>
    <Managed>1</Managed>
    <Publisher>
      <UniqueName>bcbi_BusinessCentral</UniqueName>
      <LocalizedNames>
        <LocalizedName description="Microsoft Dynamics 365 Business Central" languagecode="1033" />
        <LocalizedName description="Microsoft Dynamics 365 Business Central" languagecode="1025" />
        <LocalizedName description="Microsoft Dynamics 365 Business Central" languagecode="1026" />
        <LocalizedName description="Microsoft Dynamics 365 Business Central" languagecode="1027" />
        <LocalizedName description="Microsoft Dynamics 365 Business Central" languagecode="1028" />
        <LocalizedName description="Microsoft Dynamics 365 Business Central" languagecode="1029" />
        <LocalizedName description="Microsoft Dynamics 365 Business Central" languagecode="1030" />
        <LocalizedName description="Microsoft Dynamics 365 Business Central" languagecode="1031" />
        <LocalizedName description="Microsoft Dynamics 365 Business Central" languagecode="1032" />
        <LocalizedName description="Microsoft Dynamics 365 Business Central" languagecode="1035" />
        <LocalizedName description="Microsoft Dynamics 365 Business Central" languagecode="1036" />
        <LocalizedName description="Microsoft Dynamics 365 Business Central" languagecode="1037" />
        <LocalizedName description="Microsoft Dynamics 365 Business Central" languagecode="1038" />
        <LocalizedName description="Microsoft Dynamics 365 Business Central" languagecode="1040" />
        <LocalizedName description="Microsoft Dynamics 365 Business Central" languagecode="1041" />
        <LocalizedName description="Microsoft Dynamics 365 Business Central" languagecode="1042" />
        <LocalizedName description="Microsoft Dynamics 365 Business Central" languagecode="1043" />
        <LocalizedName description="Microsoft Dynamics 365 Business Central" languagecode="1044" />
        <LocalizedName description="Microsoft Dynamics 365 Business Central" languagecode="1045" />
        <LocalizedName description="Microsoft Dynamics 365 Business Central" languagecode="1046" />
        <LocalizedName description="Microsoft Dynamics 365 Business Central" languagecode="1048" />
        <LocalizedName description="Microsoft Dynamics 365 Business Central" languagecode="1049" />
        <LocalizedName description="Microsoft Dynamics 365 Business Central" languagecode="1050" />
        <LocalizedName description="Microsoft Dynamics 365 Business Central" languagecode="1051" />
        <LocalizedName description="Microsoft Dynamics 365 Business Central" languagecode="1053" />
        <LocalizedName description="Microsoft Dynamics 365 Business Central" languagecode="1054" />
        <LocalizedName description="Microsoft Dynamics 365 Business Central" languagecode="1055" />
        <LocalizedName description="Microsoft Dynamics 365 Business Central" languagecode="1057" />
        <LocalizedName description="Microsoft Dynamics 365 Business Central" languagecode="1058" />
        <LocalizedName description="Microsoft Dynamics 365 Business Central" languagecode="1060" />
        <LocalizedName description="Microsoft Dynamics 365 Business Central" languagecode="1061" />
        <LocalizedName description="Microsoft Dynamics 365 Business Central" languagecode="1062" />
        <LocalizedName description="Microsoft Dynamics 365 Business Central" languagecode="1063" />
        <LocalizedName description="Microsoft Dynamics 365 Business Central" languagecode="1066" />
        <LocalizedName description="Microsoft Dynamics 365 Business Central" languagecode="1069" />
        <LocalizedName description="Microsoft Dynamics 365 Business Central" languagecode="1081" />
        <LocalizedName description="Microsoft Dynamics 365 Business Central" languagecode="1086" />
        <LocalizedName description="Microsoft Dynamics 365 Business Central" languagecode="1087" />
        <LocalizedName description="Microsoft Dynamics 365 Business Central" languagecode="1110" />
        <LocalizedName description="Microsoft Dynamics 365 Business Central" languagecode="2052" />
        <LocalizedName description="Microsoft Dynamics 365 Business Central" languagecode="2070" />
        <LocalizedName description="Microsoft Dynamics 365 Business Central" languagecode="2074" />
        <LocalizedName description="Microsoft Dynamics 365 Business Central" languagecode="3076" />
        <LocalizedName description="Microsoft Dynamics 365 Business Central" languagecode="3082" />
        <LocalizedName description="Microsoft Dynamics 365 Business Central" languagecode="3098" />
      </LocalizedNames>
      <Descriptions>
        <Description description="Publisher for Microsoft Dynamics 365 Business Central CDS Base" languagecode="1033" />
        <Description description="ناشر لـ Microsoft Dynamics 365 Business Central CDS Base" languagecode="1025" />
        <Description description="Издател за Microsoft Dynamics 365 Business Central CDS Base" languagecode="1026" />
        <Description description="Editor per al Microsoft Dynamics 365 Business Central CDS Base" languagecode="1027" />
        <Description description="Microsoft Dynamics 365 Business Central CDS Base 發行者" languagecode="1028" />
        <Description description="Vydavatel pro Microsoft Dynamics 365 Business Central CDS Base" languagecode="1029" />
        <Description description="Udgiver for Microsoft Dynamics 365 Business Central CDS Base" languagecode="1030" />
        <Description description="Herausgeber für Microsoft Dynamics 365 Business Central CDS Base" languagecode="1031" />
        <Description description="Εκδότης του Microsoft Dynamics 365 Business Central CDS Base" languagecode="1032" />
        <Description description="Microsoft Dynamics 365 Business Central CDS Base:n julkaisija" languagecode="1035" />
        <Description description="Éditeur de Microsoft Dynamics 365 Business Central CDS Base" languagecode="1036" />
        <Description description="פורסם עבור Microsoft Dynamics 365 Business Central CDS Base" languagecode="1037" />
        <Description description="A Microsoft Dynamics 365 Business Central CDS Base közzétevője" languagecode="1038" />
        <Description description="Autore per Microsoft Dynamics 365 Business Central CDS Base" languagecode="1040" />
        <Description description="Microsoft Dynamics 365 Business Central CDS Base の発行者" languagecode="1041" />
        <Description description="Microsoft Dynamics 365 Business Central CDS Base의 게시자" languagecode="1042" />
        <Description description="Uitgever voor Microsoft Dynamics 365 Business Central CDS Base" languagecode="1043" />
        <Description description="Utgiver for Microsoft Dynamics 365 Business Central CDS Base" languagecode="1044" />
        <Description description="Wydawca systemu Microsoft Dynamics 365 Business Central CDS Base" languagecode="1045" />
        <Description description="Publicador para Microsoft Dynamics 365 Business Central CDS Base" languagecode="1046" />
        <Description description="Editor pentru Microsoft Dynamics 365 Business Central CDS Base" languagecode="1048" />
        <Description description="Издатель Microsoft Dynamics 365 Business Central CDS Base" languagecode="1049" />
        <Description description="Izdavač za Microsoft Dynamics 365 Business Central CDS Base" languagecode="1050" />
        <Description description="Vydavateľ systému Microsoft Dynamics 365 Business Central CDS Base" languagecode="1051" />
        <Description description="Utgivare av Microsoft Dynamics 365 Business Central CDS Base" languagecode="1053" />
        <Description description="ผู้เผยแพร่สำหรับ Microsoft Dynamics 365 Business Central CDS Base" languagecode="1054" />
        <Description description="Microsoft Dynamics 365 Business Central CDS Base için Yayımcı" languagecode="1055" />
        <Description description="Penerbit untuk Microsoft Dynamics 365 Business Central CDS Base" languagecode="1057" />
        <Description description="Видавець для Microsoft Dynamics 365 Business Central CDS Base" languagecode="1058" />
        <Description description="Izdajatelj za organizacijo Microsoft Dynamics 365 Business Central CDS Base" languagecode="1060" />
        <Description description="Microsoft Dynamics 365 Business Central CDS Base-i avaldaja" languagecode="1061" />
        <Description description="Izstrādātājs Microsoft Dynamics 365 Business Central CDS Base" languagecode="1062" />
        <Description description="„Microsoft Dynamics 365 Business Central CDS Base“ leidėjas" languagecode="1063" />
        <Description description="Nhà phát hành cho Microsoft Dynamics 365 Business Central CDS Base" languagecode="1066" />
        <Description description="Microsoft Dynamics 365 Business Central CDS Base soluziorako argitaratzailea" languagecode="1069" />
        <Description description="Microsoft Dynamics 365 Business Central CDS Base के लिए प्रकाशक" languagecode="1081" />
        <Description description="Penerbit bagi Microsoft Dynamics 365 Business Central CDS Base" languagecode="1086" />
        <Description description="Microsoft Dynamics 365 Business Central CDS Base жариялаушысы" languagecode="1087" />
        <Description description="Publicador para Microsoft Dynamics 365 Business Central CDS Base" languagecode="1110" />
        <Description description="Microsoft Dynamics 365 Business Central CDS Base 的发布者" languagecode="2052" />
        <Description description="Publicador do Microsoft Dynamics 365 Business Central CDS Base" languagecode="2070" />
        <Description description="Izdavač za Microsoft Dynamics 365 Business Central CDS Base" languagecode="2074" />
        <Description description="Microsoft Dynamics 365 Business Central CDS Base 發行者" languagecode="3076" />
        <Description description="Editor de Microsoft Dynamics 365 Business Central CDS Base" languagecode="3082" />
        <Description description="Издавач за Microsoft Dynamics 365 Business Central CDS Base" languagecode="3098" />
      </Descriptions>
      <EMailAddress xsi:nil="true">
      </EMailAddress>
      <SupportingWebsiteUrl xsi:nil="true">
      </SupportingWebsiteUrl>
      <CustomizationPrefix>bcbi</CustomizationPrefix>
      <CustomizationOptionValuePrefix>96113</CustomizationOptionValuePrefix>
      <Addresses>
        <Address>
          <AddressNumber>1</AddressNumber>
          <AddressTypeCode xsi:nil="true">
          </AddressTypeCode>
          <City xsi:nil="true">
          </City>
          <County xsi:nil="true">
          </County>
          <Country xsi:nil="true">
          </Country>
          <Fax xsi:nil="true">
          </Fax>
          <FreightTermsCode xsi:nil="true">
          </FreightTermsCode>
          <ImportSequenceNumber xsi:nil="true">
          </ImportSequenceNumber>
          <Latitude xsi:nil="true">
          </Latitude>
          <Line1 xsi:nil="true">
          </Line1>
          <Line2 xsi:nil="true">
          </Line2>
          <Line3 xsi:nil="true">
          </Line3>
          <Longitude xsi:nil="true">
          </Longitude>
          <Name xsi:nil="true">
          </Name>
          <PostalCode xsi:nil="true">
          </PostalCode>
          <PostOfficeBox xsi:nil="true">
          </PostOfficeBox>
          <PrimaryContactName xsi:nil="true">
          </PrimaryContactName>
          <ShippingMethodCode xsi:nil="true">
          </ShippingMethodCode>
          <StateOrProvince xsi:nil="true">
          </StateOrProvince>
          <Telephone1 xsi:nil="true">
          </Telephone1>
          <Telephone2 xsi:nil="true">
          </Telephone2>
          <Telephone3 xsi:nil="true">
          </Telephone3>
          <TimeZoneRuleVersionNumber xsi:nil="true">
          </TimeZoneRuleVersionNumber>
          <UPSZone xsi:nil="true">
          </UPSZone>
          <UTCOffset xsi:nil="true">
          </UTCOffset>
          <UTCConversionTimeZoneCode xsi:nil="true">
          </UTCConversionTimeZoneCode>
        </Address>
        <Address>
          <AddressNumber>2</AddressNumber>
          <AddressTypeCode xsi:nil="true">
          </AddressTypeCode>
          <City xsi:nil="true">
          </City>
          <County xsi:nil="true">
          </County>
          <Country xsi:nil="true">
          </Country>
          <Fax xsi:nil="true">
          </Fax>
          <FreightTermsCode xsi:nil="true">
          </FreightTermsCode>
          <ImportSequenceNumber xsi:nil="true">
          </ImportSequenceNumber>
          <Latitude xsi:nil="true">
          </Latitude>
          <Line1 xsi:nil="true">
          </Line1>
          <Line2 xsi:nil="true">
          </Line2>
          <Line3 xsi:nil="true">
          </Line3>
          <Longitude xsi:nil="true">
          </Longitude>
          <Name xsi:nil="true">
          </Name>
          <PostalCode xsi:nil="true">
          </PostalCode>
          <PostOfficeBox xsi:nil="true">
          </PostOfficeBox>
          <PrimaryContactName xsi:nil="true">
          </PrimaryContactName>
          <ShippingMethodCode xsi:nil="true">
          </ShippingMethodCode>
          <StateOrProvince xsi:nil="true">
          </StateOrProvince>
          <Telephone1 xsi:nil="true">
          </Telephone1>
          <Telephone2 xsi:nil="true">
          </Telephone2>
          <Telephone3 xsi:nil="true">
          </Telephone3>
          <TimeZoneRuleVersionNumber xsi:nil="true">
          </TimeZoneRuleVersionNumber>
          <UPSZone xsi:nil="true">
          </UPSZone>
          <UTCOffset xsi:nil="true">
          </UTCOffset>
          <UTCConversionTimeZoneCode xsi:nil="true">
          </UTCConversionTimeZoneCode>
        </Address>
      </Addresses>
    </Publisher>
    <RootComponents>
      <RootComponent type="1" schemaName="account" behavior="1" />
      <RootComponent type="1" schemaName="contact" behavior="1" />
      <RootComponent type="1" schemaName="bcbi_company" behavior="0" />
      <RootComponent type="20" id="{a2b18661-9ff5-e911-a812-000d3a0b9028}" behavior="0" />
      <RootComponent type="29" id="{8401c78d-ecfc-e911-a811-000d3a0b9028}" behavior="0" />
      <RootComponent type="29" id="{8815689e-40fd-e911-a811-000d3a0b9028}" behavior="0" />
      <RootComponent type="29" id="{92a9add5-42fd-e911-a811-000d3a0b9028}" behavior="0" />
    </RootComponents>
    <MissingDependencies />
  </SolutionManifest>
</ImportExportXml>